preferenceList;applicantNumber;rank;allocation;allocatedOnFirstPass;allocatedOnSecondPass
n,w,nwoe,lnr,wms,kss,t,yh,se,o,p,eoe,wmc,s,wmn,wa,l,ni;215;1;n;1;0
o,w,wmn,se,wmc,n,ni,kss,p,eoe,t,lnr,wms,s,l,nwoe,wa,yh;189;2;o;1;0
l,wmn,t,n,p,wmc,eoe,nwoe,lnr,se,ni,yh,o,wms,kss,w,wa,s;158;3;l;1;0
wa,s,t,yh,p,kss,se,o,n,lnr,wmn,wms,w,nwoe,l,ni,wmc,eoe;550;4;wa;1;0
n,o,lnr,wa,yh,nwoe,p,wmc,wmn,s,eoe,ni,w,wms,se,kss,t,l;351;5;n;1;0
eoe,l,wmc,lnr,se,nwoe,n,yh,wa,w,ni,wmn,wms,t,o,p,s,kss;309;6;eoe;1;0
lnr,o,w,kss,l,eoe,yh,ni,p,wmn,wmc,wms,s,nwoe,t,n,wa,se;526;7;lnr;1;0
l,yh,wa,o,p,nwoe,w,ni,lnr,s,t,wmc,n,se,wms,kss,wmn,eoe;371;8;l;1;0
nwoe,ni,n,o,wmc,p,l,lnr,kss,yh,wa,se,eoe,wms,wmn,w,s,t;516;9;nwoe;1;0
w,se,wmc,p,nwoe,lnr,t,wms,eoe,s,n,o,yh,l,ni,wa,wmn,kss;199;10;w;1;0
nwoe,ni,eoe,wmc,p,wmn,o,kss,yh,wa,w,s,wms,se,t,l,n,lnr;200;11;nwoe;1;0
n,wa,kss,ni,yh,wms,l,t,eoe,lnr,s,w,wmc,p,o,wmn,nwoe,se;175;12;n;1;0
lnr,t,wmc,nwoe,p,wa,l,wmn,se,o,eoe,yh,w,wms,ni,kss,s,n;159;13;lnr;1;0
wa,wmn,kss,lnr,wms,p,yh,s,nwoe,eoe,l,o,n,w,se,ni,wmc,t;364;14;wa;1;0
wmn,o,w,wmc,nwoe,lnr,l,p,se,wms,yh,t,wa,eoe,n,ni,s,kss;504;15;wmn;1;0
ni,o,wms,nwoe,t,lnr,w,l,eoe,wmc,wa,n,se,wmn,yh,s,p,kss;273;16;ni;1;0
l,o,kss,lnr,p,wa,n,w,wmc,nwoe,yh,t,ni,s,se,wms,wmn,eoe;63;17;l;1;0
yh,nwoe,p,kss,wmc,wmn,w,t,wms,o,lnr,eoe,ni,se,s,wa,l,n;368;18;yh;1;0
n,w,ni,se,wmc,p,nwoe,s,o,wms,wa,l,wmn,t,yh,eoe,lnr,kss;208;19;n;1;0
yh,wa,s,o,se,p,wmn,w,kss,wms,wmc,t,eoe,l,ni,lnr,n,nwoe;240;20;yh;1;0
wa,t,lnr,s,nwoe,l,wmn,ni,p,kss,yh,n,w,wms,wmc,se,o,eoe;544;21;wa;1;0
n,wmn,l,ni,lnr,w,p,wa,nwoe,kss,wmc,yh,t,wms,se,s,o,eoe;46;22;n;1;0
wms,wa,n,lnr,kss,w,yh,ni,s,wmn,nwoe,o,l,wmc,eoe,t,se,p;356;23;wms;1;0
o,lnr,se,yh,n,nwoe,ni,p,kss,wmn,wms,s,wmc,eoe,l,t,w,wa;366;24;o;1;0
wa,yh,se,t,nwoe,eoe,wms,p,wmn,n,s,o,ni,w,wmc,lnr,kss,l;508;25;wa;1;0
eoe,se,p,nwoe,wmn,n,wmc,yh,lnr,s,wa,o,t,ni,w,wms,l,kss;291;26;eoe;1;0
yh,w,wmc,wa,ni,wmn,p,l,s,lnr,o,t,eoe,nwoe,kss,n,se,wms;534;27;yh;1;0
wmc,wms,lnr,s,wmn,n,yh,o,nwoe,l,w,p,se,t,ni,kss,wa,eoe;141;28;wmc;1;0
wmc,wmn,w,kss,wms,lnr,o,nwoe,n,p,wa,ni,se,l,eoe,t,yh,s;129;29;wmc;1;0
yh,wa,p,se,wmn,nwoe,wms,n,t,ni,o,kss,s,lnr,wmc,l,w,eoe;493;30;yh;1;0
se,s,yh,w,eoe,kss,wmc,o,l,wmn,n,ni,wms,nwoe,lnr,wa,t,p;207;31;se;1;0
s,l,wmc,yh,se,p,wms,w,n,lnr,eoe,wa,ni,kss,nwoe,wmn,t,o;458;32;s;1;0
n,wmn,p,s,ni,w,eoe,wa,wms,yh,wmc,o,kss,nwoe,t,l,se,lnr;31;33;n;1;0
lnr,s,wms,yh,p,l,se,w,wmn,n,nwoe,kss,wmc,o,eoe,wa,ni,t;6;34;lnr;1;0
p,wmc,se,yh,eoe,kss,wms,t,ni,nwoe,wmn,lnr,s,wa,n,w,o,l;249;35;p;1;0
nwoe,t,n,p,wmn,wms,l,w,lnr,o,kss,wmc,s,wa,ni,eoe,se,yh;109;36;nwoe;1;0
lnr,ni,wmn,t,n,eoe,o,se,wmc,s,kss,wms,wa,w,nwoe,p,l,yh;509;37;lnr;1;0
wmc,w,lnr,kss,se,t,yh,n,wa,l,p,o,nwoe,s,wms,wmn,ni,eoe;408;38;wmc;1;0
wmn,l,w,o,yh,eoe,nwoe,wa,wmc,p,lnr,se,wms,kss,ni,n,s,t;490;39;wmn;1;0
o,wmn,p,kss,nwoe,wmc,se,ni,wa,lnr,s,w,eoe,yh,wms,l,t,n;311;40;o;1;0
w,ni,se,o,s,p,yh,eoe,nwoe,lnr,wmn,kss,wms,t,wa,n,wmc,l;373;41;w;1;0
l,ni,wms,p,w,t,wa,yh,eoe,nwoe,kss,n,lnr,wmn,s,o,wmc,se;269;42;l;1;0
lnr,wa,nwoe,o,t,wmn,n,wms,w,kss,ni,l,wmc,se,eoe,p,yh,s;90;43;lnr;1;0
kss,wmc,se,s,eoe,p,ni,nwoe,wms,wa,t,yh,w,n,l,o,lnr,wmn;182;44;kss;1;0
kss,o,l,w,p,n,yh,eoe,wa,s,wmn,se,ni,t,wms,wmc,nwoe,lnr;443;45;kss;1;0
lnr,t,l,wmc,wmn,s,wa,ni,n,w,p,eoe,kss,nwoe,yh,se,wms,o;321;46;lnr;1;0
ni,yh,o,wmc,wmn,lnr,nwoe,t,wa,p,kss,l,s,w,wms,se,eoe,n;538;47;ni;1;0
lnr,o,l,eoe,w,n,t,wms,wa,s,ni,p,wmn,nwoe,wmc,se,kss,yh;464;48;lnr;1;0
p,s,w,o,l,yh,kss,wmn,nwoe,ni,n,wms,wmc,wa,se,lnr,t,eoe;390;49;p;1;0
wms,s,nwoe,wmc,n,o,t,p,lnr,kss,w,wa,wmn,eoe,yh,ni,se,l;57;50;wms;1;0
se,yh,nwoe,wms,ni,wa,t,p,s,w,o,eoe,wmc,lnr,wmn,l,n,kss;155;51;se;1;0
o,l,ni,eoe,wa,w,wmn,wms,t,yh,n,kss,se,nwoe,s,lnr,p,wmc;3;52;o;1;0
wa,lnr,wmn,ni,l,se,wms,wmc,o,yh,kss,nwoe,eoe,s,t,w,p,n;150;53;wa;1;0
t,kss,n,nwoe,wmn,wmc,w,s,ni,lnr,se,yh,o,p,wa,l,wms,eoe;499;54;t;1;0
wms,nwoe,wa,eoe,wmc,w,kss,ni,l,s,yh,p,lnr,wmn,o,n,t,se;116;55;wms;1;0
wmn,yh,se,o,l,kss,eoe,wms,ni,s,wa,nwoe,w,p,n,t,lnr,wmc;420;56;wmn;1;0
ni,l,nwoe,n,kss,t,wmn,w,se,s,wms,wmc,o,eoe,wa,p,lnr,yh;391;57;ni;1;0
lnr,wms,kss,l,w,wmc,wa,nwoe,t,se,p,ni,yh,s,o,n,wmn,eoe;341;58;lnr;1;0
s,w,ni,t,lnr,wms,o,se,n,wa,p,eoe,yh,wmn,wmc,l,nwoe,kss;422;59;s;1;0
wmn,l,eoe,n,se,t,wa,ni,p,w,nwoe,kss,wms,s,wmc,yh,lnr,o;306;60;wmn;1;0
p,lnr,eoe,wmn,yh,ni,nwoe,wms,l,o,s,wmc,t,se,n,wa,kss,w;437;61;p;1;0
kss,eoe,wa,yh,s,n,w,p,wms,t,se,ni,o,wmc,l,nwoe,wmn,lnr;115;62;kss;1;0
wms,ni,se,l,eoe,p,kss,o,wa,lnr,w,nwoe,s,t,wmn,yh,wmc,n;256;63;wms;1;0
eoe,t,wmn,kss,nwoe,wmc,o,ni,wms,l,w,wa,lnr,yh,s,se,n,p;301;64;eoe;1;0
n,wms,l,p,o,lnr,yh,t,s,eoe,wmc,wmn,nwoe,se,wa,kss,ni,w;191;65;n;1;0
kss,lnr,wa,o,l,yh,se,wmn,ni,w,eoe,wms,p,t,s,nwoe,n,wmc;261;66;kss;1;0
nwoe,wmc,t,s,o,se,n,l,eoe,wa,ni,p,w,wmn,yh,lnr,kss,wms;38;67;nwoe;1;0
l,se,w,wmc,s,ni,nwoe,wms,p,wmn,t,lnr,eoe,o,kss,wa,yh,n;447;68;l;1;0
kss,o,eoe,wa,t,wmn,l,p,s,wmc,yh,se,w,ni,lnr,n,nwoe,wms;79;69;kss;1;0
eoe,ni,nwoe,w,wa,s,p,lnr,wmc,wmn,l,wms,kss,n,se,t,yh,o;436;70;eoe;1;0
lnr,eoe,kss,l,se,wmn,t,w,nwoe,o,wmc,wms,yh,p,ni,wa,n,s;392;71;lnr;1;0
wms,wmn,t,o,wmc,wa,p,s,yh,l,ni,nwoe,kss,se,lnr,n,eoe,w;497;72;wms;1;0
l,s,wmc,p,t,wms,yh,n,lnr,kss,w,se,o,wmn,ni,wa,eoe,nwoe;233;73;l;1;0
wms,yh,t,o,p,w,wmn,ni,se,l,wmc,eoe,wa,s,nwoe,n,lnr,kss;254;74;wms;1;0
wa,wmc,o,yh,nwoe,eoe,lnr,l,kss,wmn,p,w,ni,s,n,se,t,wms;423;75;wa;1;0
s,t,nwoe,o,wmc,se,n,p,w,wmn,lnr,yh,eoe,wa,ni,kss,l,wms;522;76;s;1;0
w,lnr,kss,t,yh,p,ni,wa,wms,wmc,nwoe,s,eoe,l,se,n,o,wmn;251;77;w;1;0
kss,s,eoe,wa,l,yh,lnr,o,wmn,t,wms,p,se,n,nwoe,wmc,ni,w;379;78;kss;1;0
wa,t,p,ni,wmc,se,lnr,n,w,kss,l,s,yh,wms,o,eoe,wmn,nwoe;39;79;wa;1;0
se,w,l,wmn,p,kss,wa,eoe,nwoe,t,o,s,ni,wmc,lnr,wms,n,yh;32;80;se;1;0
o,kss,t,w,p,nwoe,wmn,l,ni,wa,wmc,eoe,yh,se,wms,n,lnr,s;523;81;o;1;0
ni,l,p,se,wmn,n,nwoe,wa,t,wmc,w,yh,wms,lnr,eoe,kss,o,s;510;82;ni;1;0
t,ni,wmc,o,s,eoe,p,wa,n,l,lnr,w,wmn,kss,wms,nwoe,se,yh;181;83;t;1;0
s,wa,eoe,kss,ni,lnr,o,wmc,p,se,wmn,t,w,nwoe,wms,yh,l,n;374;84;s;1;0
o,p,kss,lnr,n,wms,wa,eoe,ni,wmc,wmn,yh,t,nwoe,s,w,se,l;156;85;o;1;0
wms,s,wa,n,ni,l,lnr,nwoe,se,wmn,wmc,eoe,p,yh,kss,t,w,o;512;86;wms;1;0
wmc,o,se,yh,t,l,eoe,w,wmn,kss,lnr,nwoe,p,n,wms,ni,s,wa;183;87;wmc;1;0
w,o,yh,se,wmn,wms,eoe,s,ni,n,l,wa,wmc,t,nwoe,kss,lnr,p;300;88;w;1;0
eoe,nwoe,lnr,l,yh,p,wa,t,s,wmc,se,kss,w,ni,o,wmn,n,wms;359;89;eoe;1;0
nwoe,p,n,s,ni,yh,t,o,se,l,eoe,wmc,wa,wmn,w,kss,wms,lnr;83;90;nwoe;1;0
l,p,wms,t,s,ni,wmc,eoe,se,wa,w,wmn,yh,lnr,o,kss,n,nwoe;13;91;l;1;0
wms,p,lnr,s,o,l,w,ni,n,t,yh,wmc,wa,se,kss,wmn,eoe,nwoe;481;92;wms;1;0
l,s,nwoe,t,o,wmn,ni,wmc,n,wms,w,yh,eoe,wa,se,kss,lnr,p;417;93;l;1;0
se,eoe,o,yh,ni,w,wmn,wa,t,s,kss,n,nwoe,p,lnr,l,wmc,wms;382;94;se;1;0
o,wms,ni,nwoe,yh,lnr,p,w,t,n,se,wmc,s,l,wmn,eoe,kss,wa;540;95;o;1;0
ni,l,lnr,t,wms,wa,w,eoe,nwoe,wmn,o,p,yh,se,kss,n,wmc,s;298;96;ni;1;0
wmc,se,n,wms,wmn,wa,l,o,p,kss,ni,eoe,nwoe,yh,t,s,w,lnr;405;97;wmc;1;0
yh,wmn,p,nwoe,wms,wmc,s,lnr,eoe,w,l,o,se,wa,n,kss,ni,t;355;98;yh;1;0
wmc,l,wms,nwoe,s,kss,lnr,w,o,wmn,n,wa,yh,p,ni,eoe,se,t;541;99;wmc;1;0
se,l,wa,s,wms,wmn,yh,t,p,kss,wmc,w,n,ni,o,nwoe,eoe,lnr;296;100;se;1;0
wmc,ni,s,p,wa,lnr,l,se,nwoe,o,n,w,wms,eoe,t,wmn,yh,kss;228;101;wmc;1;0
ni,nwoe,w,p,o,wmc,eoe,wmn,s,wms,wa,lnr,se,l,kss,n,yh,t;307;102;ni;1;0
wms,n,l,wa,yh,o,p,lnr,t,eoe,ni,wmn,se,kss,s,w,wmc,nwoe;211;103;wms;1;0
w,ni,wmc,o,wa,n,s,yh,se,l,nwoe,t,kss,eoe,wmn,lnr,p,wms;101;104;w;1;0
se,yh,o,nwoe,l,kss,s,w,t,wmn,n,wmc,lnr,p,eoe,wms,wa,ni;474;105;se;1;0
t,wmc,yh,p,w,lnr,s,kss,n,nwoe,wms,se,ni,o,wa,eoe,wmn,l;196;106;t;1;0
lnr,se,o,wmn,ni,n,l,p,nwoe,t,kss,yh,wmc,wms,eoe,s,wa,w;177;107;lnr;1;0
yh,se,w,l,t,wmn,n,o,nwoe,eoe,lnr,wms,s,ni,wmc,kss,wa,p;162;108;yh;1;0
se,s,yh,wmn,w,nwoe,lnr,n,ni,wmc,p,t,kss,eoe,l,o,wms,wa;495;109;se;1;0
eoe,wms,s,wmn,t,wa,n,ni,l,nwoe,kss,yh,lnr,o,p,wmc,w,se;323;110;eoe;1;0
t,o,n,w,p,wms,l,eoe,wa,wmc,wmn,kss,lnr,s,yh,nwoe,se,ni;128;111;t;1;0
yh,l,kss,se,n,nwoe,wmc,wa,lnr,wms,p,wmn,w,ni,s,t,o,eoe;546;112;yh;1;0
ni,w,kss,p,wa,wms,s,lnr,wmn,eoe,l,se,n,nwoe,o,wmc,t,yh;332;113;ni;1;0
wms,wa,o,lnr,l,yh,t,nwoe,se,w,ni,eoe,wmn,p,wmc,kss,s,n;222;114;wms;1;0
nwoe,wmc,wmn,p,lnr,kss,n,eoe,l,yh,wms,t,se,wa,s,ni,o,w;113;115;nwoe;1;0
yh,n,s,wmn,se,t,kss,lnr,o,nwoe,wmc,ni,eoe,p,wa,w,wms,l;403;116;yh;1;0
l,w,se,yh,ni,s,wmc,nwoe,wmn,lnr,wa,n,kss,p,o,wms,t,eoe;428;117;l;1;0
eoe,kss,wmc,se,wmn,p,w,lnr,o,n,ni,s,nwoe,wms,l,t,wa,yh;85;118;eoe;1;0
wa,wmc,s,t,kss,wms,l,eoe,ni,wmn,o,yh,p,nwoe,se,n,w,lnr;314;119;wa;1;0
o,ni,nwoe,eoe,wmc,lnr,wms,n,t,w,p,kss,wmn,se,yh,s,wa,l;336;120;o;1;0
wa,lnr,p,s,ni,eoe,t,kss,o,l,nwoe,yh,wms,wmc,wmn,se,w,n;453;121;wa;1;0
nwoe,wmn,lnr,w,s,wms,n,wmc,ni,eoe,yh,p,l,o,se,wa,t,kss;221;122;nwoe;1;0
wms,w,t,n,s,lnr,eoe,p,yh,nwoe,wmn,wmc,o,se,wa,ni,kss,l;483;123;wms;1;0
wms,kss,p,lnr,l,yh,t,wmc,o,n,ni,w,eoe,s,nwoe,wmn,wa,se;81;124;wms;1;0
wms,lnr,s,wa,p,ni,o,t,se,l,w,eoe,kss,wmn,yh,n,wmc,nwoe;195;125;wms;1;0
n,yh,nwoe,kss,lnr,o,t,p,wmc,wmn,ni,s,se,w,wa,l,eoe,wms;167;126;n;1;0
ni,wmn,s,wa,o,yh,wmc,nwoe,w,wms,se,l,n,kss,p,lnr,eoe,t;449;127;ni;1;0
s,n,wmn,o,eoe,l,wa,nwoe,p,wmc,se,t,yh,wms,ni,lnr,kss,w;547;128;s;1;0
s,wmc,wmn,wms,lnr,ni,p,eoe,o,l,kss,nwoe,se,w,wa,yh,n,t;284;129;s;1;0
p,s,wmn,wms,w,n,l,se,kss,lnr,t,nwoe,o,wmc,yh,eoe,ni,wa;1;130;p;1;0
n,wms,wmn,ni,wa,o,yh,t,nwoe,lnr,eoe,kss,p,w,wmc,l,s,se;54;131;n;1;0
lnr,wmc,eoe,o,n,w,nwoe,s,se,p,wmn,yh,kss,ni,l,wms,wa,t;524;132;lnr;1;0
o,wa,s,t,n,lnr,wmn,nwoe,kss,yh,eoe,wmc,ni,w,p,l,se,wms;345;133;o;1;0
wmc,kss,lnr,t,p,wmn,wa,eoe,yh,o,l,s,wms,nwoe,ni,w,n,se;303;134;wmc;1;0
s,wmn,se,wmc,o,p,ni,wa,kss,t,lnr,yh,l,n,eoe,nwoe,wms,w;377;135;s;1;0
o,eoe,t,p,wms,s,w,lnr,wmn,kss,nwoe,se,yh,l,n,ni,wa,wmc;80;136;o;1;0
ni,eoe,p,kss,s,wmc,se,wms,wmn,w,nwoe,o,wa,t,lnr,l,yh,n;468;137;ni;1;0
kss,l,w,eoe,se,yh,t,wmn,p,wa,n,s,wmc,ni,lnr,wms,o,nwoe;12;138;kss;1;0
wa,n,eoe,t,wmc,kss,p,lnr,w,wmn,yh,se,wms,ni,o,l,nwoe,s;320;139;wa;1;0
lnr,p,wmn,wmc,l,n,ni,yh,kss,wa,s,wms,o,se,nwoe,t,w,eoe;147;140;lnr;1;0
wms,lnr,w,wa,wmc,ni,n,l,eoe,kss,se,p,nwoe,t,o,s,wmn,yh;69;141;wms;1;0
kss,n,wms,yh,nwoe,eoe,l,wmc,o,w,lnr,wa,se,wmn,t,ni,s,p;270;142;kss;1;0
lnr,se,wms,w,s,wmc,l,o,nwoe,n,kss,p,wmn,ni,wa,t,yh,eoe;459;143;s;0;1
lnr,wmc,wa,p,s,o,w,n,nwoe,se,t,l,yh,kss,wms,ni,wmn,eoe;322;144;s;0;1
wmn,t,p,wmc,wa,kss,l,wms,nwoe,yh,ni,w,s,n,eoe,lnr,o,se;238;145;wmn;1;0
wa,se,lnr,wmc,ni,wms,l,kss,w,s,n,nwoe,eoe,o,t,yh,wmn,p;258;146;wa;1;0
eoe,yh,wa,lnr,wms,n,se,ni,l,t,kss,w,o,p,wmn,wmc,s,nwoe;151;147;eoe;1;0
wmc,eoe,wms,s,yh,ni,se,p,o,nwoe,lnr,n,w,wa,t,wmn,kss,l;312;148;wmc;1;0
wa,w,l,s,wmn,t,ni,o,eoe,se,wmc,nwoe,yh,n,kss,lnr,p,wms;313;149;wa;1;0
lnr,kss,n,eoe,wa,t,se,p,wmn,s,o,nwoe,yh,w,wmc,ni,wms,l;163;150;kss;0;1
wmc,l,o,lnr,yh,wmn,w,t,se,s,n,eoe,wms,ni,nwoe,kss,p,wa;517;151;wmc;1;0
l,s,p,wa,o,nwoe,wms,t,lnr,kss,eoe,wmc,ni,n,wmn,se,w,yh;134;152;l;1;0
wms,lnr,se,n,wmn,t,eoe,wa,w,l,s,kss,nwoe,p,wmc,ni,o,yh;244;153;eoe;0;1
wms,p,wmc,kss,wmn,t,l,w,ni,yh,n,nwoe,lnr,o,wa,eoe,se,s;267;154;kss;0;1
nwoe,yh,l,t,s,se,o,kss,n,p,wmc,wms,eoe,ni,wmn,w,wa,lnr;212;155;nwoe;1;0
w,s,l,t,n,ni,nwoe,wa,lnr,wmc,yh,o,wms,wmn,kss,eoe,p,se;112;156;w;1;0
wmn,s,p,kss,ni,w,wa,t,se,eoe,nwoe,wmc,l,yh,o,wms,lnr,n;25;157;wmn;1;0
n,l,wms,yh,se,wmn,t,nwoe,wa,p,kss,lnr,s,wmc,w,eoe,o,ni;219;158;n;1;0
o,se,s,lnr,eoe,t,l,wms,wa,w,wmc,n,p,yh,ni,wmn,kss,nwoe;40;159;o;1;0
yh,wa,n,lnr,wmn,l,eoe,wms,ni,w,p,o,wmc,t,se,nwoe,s,kss;513;160;yh;1;0
yh,nwoe,o,l,wmc,wa,kss,p,n,wms,se,w,lnr,wmn,eoe,t,s,ni;469;161;yh;1;0
kss,wmn,o,eoe,ni,n,l,s,lnr,se,wa,p,nwoe,w,wmc,t,wms,yh;262;162;kss;1;0
l,nwoe,wmn,t,s,wms,n,se,kss,wmc,w,ni,p,wa,yh,lnr,o,eoe;347;163;l;1;0
wms,yh,t,p,kss,se,s,nwoe,lnr,o,wa,ni,w,wmc,l,wmn,eoe,n;431;164;yh;0;1
nwoe,wa,s,wms,yh,lnr,eoe,o,n,ni,se,w,kss,l,wmc,p,t,wmn;204;165;nwoe;1;0
s,se,n,t,wa,eoe,p,nwoe,lnr,wmn,w,kss,ni,wms,l,wmc,yh,o;277;166;s;1;0
wmn,lnr,l,kss,eoe,yh,n,wms,se,wmc,w,p,nwoe,t,s,ni,wa,o;5;167;wmn;1;0
w,n,nwoe,ni,wa,se,wms,wmc,l,t,p,o,s,yh,wmn,lnr,kss,eoe;486;168;w;1;0
s,l,se,w,wa,lnr,yh,ni,p,kss,t,wmc,n,o,wmn,wms,nwoe,eoe;337;169;s;1;0
wmc,lnr,s,nwoe,t,n,w,o,p,eoe,ni,se,kss,wmn,wms,wa,yh,l;290;170;wmc;1;0
o,lnr,se,kss,w,n,t,nwoe,wa,wmc,p,yh,l,ni,wms,wmn,s,eoe;514;171;o;1;0
w,se,wmn,l,kss,p,wa,o,lnr,s,yh,eoe,n,wmc,t,nwoe,wms,ni;327;172;w;1;0
lnr,wms,se,t,n,o,eoe,nwoe,p,yh,wmn,w,ni,kss,wmc,l,wa,s;153;173;eoe;0;1
eoe,lnr,wms,t,ni,wmc,wmn,wa,o,n,w,s,l,se,yh,kss,p,nwoe;461;174;eoe;1;0
yh,n,kss,wmn,lnr,wa,p,l,se,o,ni,w,wmc,eoe,wms,t,nwoe,s;187;175;yh;1;0
kss,wmn,wms,ni,se,wmc,eoe,p,nwoe,t,wa,lnr,yh,w,o,s,l,n;202;176;kss;1;0
ni,o,wa,lnr,nwoe,eoe,wms,wmn,kss,n,s,se,yh,w,p,l,t,wmc;108;177;ni;1;0
t,o,wa,w,ni,nwoe,wms,s,wmc,l,lnr,p,wmn,yh,eoe,se,kss,n;352;178;t;1;0
eoe,yh,wa,p,s,l,kss,t,w,nwoe,n,ni,lnr,o,wms,wmc,wmn,se;84;179;eoe;1;0
eoe,yh,wa,p,l,t,nwoe,kss,w,n,o,lnr,s,wmn,wms,se,wmc,ni;47;180;eoe;1;0
yh,eoe,n,l,s,o,wmn,lnr,ni,wmc,wa,w,wms,t,se,p,nwoe,kss;92;181;yh;1;0
nwoe,t,o,s,w,l,se,n,ni,kss,p,wms,wa,wmc,yh,eoe,wmn,lnr;388;182;nwoe;1;0
eoe,n,wmn,t,wa,s,w,nwoe,o,se,p,kss,lnr,l,wms,ni,yh,wmc;438;183;eoe;1;0
wa,s,wmn,o,kss,l,nwoe,w,lnr,ni,wms,eoe,p,n,t,wmc,yh,se;11;184;wa;1;0
s,yh,lnr,n,nwoe,eoe,w,wmn,wms,p,t,se,wa,wmc,kss,o,l,ni;24;185;s;1;0
wmc,wa,s,l,nwoe,p,w,eoe,n,o,t,wmn,kss,wms,ni,lnr,se,yh;520;186;wmc;1;0
eoe,s,yh,wa,ni,l,o,t,wmc,w,se,n,kss,wms,wmn,lnr,p,nwoe;89;187;eoe;1;0
lnr,s,eoe,se,t,l,ni,yh,p,n,wa,wms,o,nwoe,kss,wmn,wmc,w;239;188;s;0;1
wa,eoe,s,l,w,nwoe,wmn,se,o,p,wmc,yh,t,wms,ni,lnr,n,kss;494;189;wa;1;0
nwoe,wa,w,t,kss,yh,wmc,wms,p,se,s,wmn,lnr,l,eoe,n,ni,o;297;190;nwoe;1;0
wms,wmc,yh,nwoe,p,t,l,ni,w,wmn,s,n,o,wa,lnr,se,eoe,kss;282;191;yh;0;1
wmc,nwoe,kss,wmn,o,l,eoe,wa,wms,w,s,t,yh,n,lnr,ni,se,p;214;192;wmc;1;0
wa,ni,wms,s,eoe,yh,n,w,wmn,p,o,nwoe,se,t,lnr,l,kss,wmc;184;193;wa;1;0
se,s,w,eoe,o,nwoe,kss,wms,wmc,n,yh,l,p,wa,ni,lnr,wmn,t;120;194;se;1;0
n,w,yh,p,kss,wmn,s,wa,l,t,eoe,ni,se,nwoe,wms,wmc,o,lnr;255;195;n;1;0
kss,p,wa,wms,wmn,ni,s,t,o,se,l,eoe,nwoe,lnr,n,yh,w,wmc;507;196;kss;1;0
ni,wmn,n,w,p,t,wms,kss,yh,s,l,o,wmc,eoe,wa,lnr,se,nwoe;378;197;ni;1;0
p,s,l,nwoe,wmn,kss,eoe,lnr,yh,wms,wmc,se,o,t,ni,w,wa,n;376;198;p;1;0
eoe,o,wa,wmc,t,p,w,s,l,se,wmn,ni,n,nwoe,yh,wms,kss,lnr;349;199;eoe;1;0
l,wa,se,n,t,o,eoe,wmc,ni,w,kss,yh,s,wms,nwoe,p,wmn,lnr;209;200;l;1;0
s,nwoe,w,kss,n,t,wms,p,o,eoe,yh,wmc,ni,wa,wmn,se,lnr,l;165;201;s;1;0
kss,ni,nwoe,s,se,eoe,n,p,l,t,wa,yh,w,lnr,wmn,o,wms,wmc;319;202;kss;1;0
wa,w,wms,nwoe,kss,wmc,l,t,s,eoe,yh,wmn,se,p,n,lnr,o,ni;528;203;wa;1;0
o,nwoe,wms,eoe,wmn,n,w,wa,lnr,kss,ni,p,t,l,wmc,yh,se,s;138;204;o;1;0
eoe,kss,lnr,nwoe,s,yh,t,n,w,p,wms,wmn,wa,ni,o,wmc,se,l;203;205;eoe;1;0
l,yh,nwoe,p,eoe,o,w,wa,ni,kss,wmc,t,wms,wmn,n,se,lnr,s;26;206;l;1;0
eoe,wmn,p,n,wmc,o,w,kss,t,wa,ni,wms,s,yh,se,nwoe,l,lnr;419;207;eoe;1;0
wmn,wmc,wms,s,wa,n,ni,lnr,l,se,p,t,nwoe,w,o,eoe,yh,kss;99;208;wmn;1;0
o,wmc,eoe,wmn,s,w,l,n,nwoe,p,yh,kss,t,wms,se,ni,wa,lnr;398;209;o;1;0
n,yh,lnr,kss,eoe,wa,ni,w,wmn,l,wms,p,t,s,se,nwoe,o,wmc;433;210;n;1;0
kss,wmn,p,n,lnr,eoe,ni,yh,wms,o,nwoe,t,l,wmc,s,se,w,wa;16;211;kss;1;0
w,s,wmn,lnr,l,n,o,ni,kss,eoe,se,nwoe,p,yh,wa,wms,t,wmc;425;212;w;1;0
w,wmn,l,eoe,o,lnr,wms,p,t,n,wa,kss,ni,nwoe,se,s,wmc,yh;487;213;w;1;0
kss,p,wmn,eoe,wa,wmc,se,ni,w,o,s,wms,yh,l,n,t,nwoe,lnr;142;214;kss;1;0
se,l,eoe,wms,n,kss,o,yh,wmn,wmc,p,w,nwoe,t,wa,lnr,s,ni;226;215;se;1;0
n,l,eoe,p,nwoe,o,wa,se,s,ni,t,wmn,wmc,wms,lnr,yh,w,kss;206;216;n;1;0
yh,w,wa,lnr,nwoe,o,wmn,kss,wmc,eoe,se,l,wms,p,n,s,t,ni;37;217;yh;1;0
n,se,kss,nwoe,o,p,w,eoe,wms,yh,lnr,wmc,wa,s,ni,t,wmn,l;455;218;n;1;0
w,s,wmn,kss,wmc,p,se,o,wa,lnr,nwoe,t,wms,yh,n,ni,eoe,l;315;219;w;1;0
l,eoe,wa,s,w,wmn,ni,kss,n,o,se,lnr,p,wms,t,wmc,nwoe,yh;246;220;l;1;0
n,kss,lnr,wmc,l,wms,yh,w,t,wa,se,wmn,nwoe,p,ni,o,eoe,s;234;221;n;1;0
eoe,s,wmc,p,yh,n,wa,kss,se,nwoe,wms,wmn,o,t,w,lnr,ni,l;427;222;eoe;1;0
t,se,ni,lnr,wa,n,kss,l,wmn,s,yh,p,nwoe,eoe,o,wmc,wms,w;531;223;t;1;0
lnr,ni,w,s,eoe,wmn,p,kss,o,nwoe,se,wa,yh,n,t,l,wms,wmc;446;224;s;0;1
n,ni,t,wa,p,wms,s,nwoe,yh,kss,eoe,o,wmn,w,lnr,l,se,wmc;412;225;n;1;0
o,nwoe,kss,l,eoe,wa,ni,wmn,s,t,wms,lnr,n,p,w,yh,wmc,se;61;226;o;1;0
kss,s,se,p,w,nwoe,l,ni,wmc,o,yh,lnr,t,n,wmn,wms,wa,eoe;168;227;kss;1;0
w,l,ni,o,se,wmn,nwoe,yh,lnr,kss,wms,p,eoe,wmc,t,s,wa,n;133;228;w;1;0
lnr,o,wmn,ni,s,se,l,n,p,t,w,eoe,kss,wa,yh,nwoe,wms,wmc;360;229;s;0;1
ni,lnr,wmc,se,l,eoe,s,wmn,nwoe,p,o,wms,w,t,wa,kss,n,yh;342;230;ni;1;0
l,s,o,wa,yh,nwoe,lnr,ni,wmn,se,n,w,eoe,wms,p,wmc,kss,t;139;231;l;1;0
eoe,l,wms,n,lnr,wmc,wmn,wa,s,w,o,ni,p,nwoe,kss,yh,t,se;135;232;eoe;1;0
s,lnr,wa,nwoe,kss,w,l,t,wmc,n,ni,p,wmn,o,se,yh,wms,eoe;444;233;s;1;0
yh,lnr,nwoe,n,o,eoe,wms,wmc,wmn,l,kss,t,w,s,p,wa,ni,se;30;234;yh;1;0
wa,yh,kss,nwoe,wms,w,lnr,s,se,n,ni,p,wmn,o,l,wmc,eoe,t;126;235;wa;1;0
l,t,n,yh,eoe,p,se,ni,s,wmc,wa,w,wms,lnr,kss,nwoe,o,wmn;411;236;l;1;0
nwoe,yh,l,eoe,wms,n,lnr,wmc,w,wmn,o,p,t,kss,ni,s,wa,se;397;237;nwoe;1;0
p,eoe,ni,s,wms,nwoe,t,wa,l,lnr,kss,se,wmn,o,n,yh,wmc,w;339;238;p;1;0
se,o,p,t,s,l,wms,wa,kss,eoe,nwoe,wmn,w,wmc,yh,n,ni,lnr;331;239;se;1;0
t,s,l,lnr,wa,eoe,wmn,wmc,nwoe,ni,yh,w,wms,se,n,p,kss,o;429;240;t;1;0
s,n,o,l,wmc,yh,nwoe,lnr,wmn,se,wms,eoe,p,t,kss,wa,w,ni;276;241;s;1;0
eoe,t,ni,s,wms,wmn,wmc,w,lnr,kss,nwoe,n,p,yh,l,o,wa,se;285;242;eoe;1;0
o,l,wms,ni,n,wmn,se,kss,s,eoe,p,wmc,lnr,nwoe,wa,t,w,yh;41;243;o;1;0
nwoe,wmn,kss,o,se,lnr,p,t,eoe,wmc,w,l,ni,wa,s,wms,yh,n;149;244;nwoe;1;0
w,kss,wmc,eoe,t,wmn,ni,s,nwoe,l,se,lnr,o,wa,n,wms,p,yh;76;245;w;1;0
kss,s,wmn,lnr,wms,wa,se,eoe,w,n,o,nwoe,t,l,ni,p,wmc,yh;350;246;kss;1;0
wmc,wmn,n,p,kss,l,nwoe,ni,se,s,t,lnr,o,wa,yh,w,wms,eoe;102;247;wmc;1;0
s,kss,wmc,nwoe,eoe,o,wms,l,n,lnr,t,wa,p,ni,se,w,yh,wmn;145;248;s;1;0
n,w,wms,lnr,t,p,nwoe,ni,o,yh,s,wmn,l,se,eoe,wa,kss,wmc;480;249;n;1;0
nwoe,eoe,l,wmc,o,lnr,ni,wmn,t,wms,yh,p,se,n,w,kss,wa,s;264;250;nwoe;1;0
t,s,yh,eoe,l,wmc,w,kss,lnr,se,ni,p,nwoe,wmn,wms,n,o,wa;439;251;t;1;0
p,lnr,wms,kss,wa,w,yh,o,n,l,s,nwoe,eoe,se,ni,wmc,t,wmn;4;252;p;1;0
p,kss,o,wmn,wmc,t,w,ni,wms,lnr,wa,yh,eoe,l,n,s,se,nwoe;460;253;p;1;0
wms,se,o,kss,l,wmn,t,wa,wmc,yh,nwoe,s,n,p,ni,lnr,w,eoe;2;254;l;0;1
se,lnr,eoe,l,kss,p,t,w,wmn,wa,s,n,yh,wmc,ni,nwoe,wms,o;380;255;se;1;0
lnr,wms,wmc,eoe,wa,n,p,se,yh,nwoe,kss,wmn,l,w,o,t,ni,s;27;256;eoe;0;1
l,s,se,t,wms,yh,wa,kss,lnr,o,wmc,ni,n,p,wmn,eoe,w,nwoe;10;257;l;1;0
lnr,p,n,ni,w,wa,o,se,s,t,l,nwoe,wmn,kss,yh,wms,wmc,eoe;33;258;s;0;1
kss,ni,o,s,t,yh,l,wmn,p,wa,se,eoe,nwoe,lnr,w,wms,wmc,n;94;259;kss;1;0
kss,se,l,n,yh,wa,lnr,wmn,s,o,wms,p,ni,wmc,t,eoe,nwoe,w;143;260;kss;1;0
ni,n,wms,t,s,w,se,lnr,nwoe,yh,wa,l,wmn,o,p,eoe,kss,wmc;308;261;ni;1;0
se,t,n,s,wms,p,w,ni,lnr,l,eoe,nwoe,wmn,kss,o,wmc,wa,yh;274;262;se;1;0
yh,lnr,n,t,se,wa,p,wmn,nwoe,s,l,w,wmc,kss,ni,o,eoe,wms;242;263;yh;1;0
n,kss,wmc,lnr,ni,t,wmn,wms,eoe,s,l,o,nwoe,yh,se,wa,w,p;88;264;n;1;0
nwoe,n,se,lnr,wmc,ni,yh,wms,wa,p,s,kss,eoe,w,o,t,wmn,l;519;265;nwoe;1;0
lnr,p,n,kss,ni,t,wa,eoe,wms,se,l,nwoe,o,wmc,w,yh,s,wmn;333;266;eoe;0;1
w,kss,s,ni,l,wmc,nwoe,se,p,wms,n,t,lnr,yh,wa,eoe,o,wmn;166;267;w;1;0
w,t,wms,kss,o,wmn,ni,wa,wmc,se,p,s,nwoe,l,n,yh,lnr,eoe;372;268;w;1;0
s,wms,l,nwoe,se,wmc,n,yh,wmn,w,p,wa,eoe,lnr,kss,o,t,ni;237;269;s;1;0
wa,eoe,se,t,wmc,yh,ni,p,w,lnr,nwoe,wmn,n,kss,s,l,wms,o;305;270;wa;1;0
wa,s,yh,p,wms,t,l,eoe,wmc,wmn,ni,kss,se,n,o,w,nwoe,lnr;266;271;wa;1;0
wmn,eoe,t,w,n,se,l,s,lnr,yh,ni,wms,nwoe,kss,p,o,wa,wmc;7;272;wmn;1;0
p,wa,ni,s,nwoe,lnr,w,eoe,n,wms,wmn,o,t,yh,kss,wmc,se,l;383;273;p;1;0
wmc,ni,s,wmn,wms,se,yh,o,p,n,wa,w,eoe,t,lnr,nwoe,kss,l;136;274;wmc;1;0
wa,nwoe,ni,t,n,wms,w,wmn,kss,p,wmc,eoe,yh,s,l,o,se,lnr;59;275;wa;1;0
l,lnr,w,n,wa,p,kss,s,wmn,se,wmc,nwoe,t,wms,ni,yh,eoe,o;100;276;l;1;0
l,lnr,yh,eoe,wms,p,w,kss,ni,wmn,se,t,nwoe,o,wa,s,n,wmc;247;277;l;1;0
eoe,s,wmn,lnr,kss,l,w,n,t,ni,wms,nwoe,wmc,yh,se,wa,o,p;324;278;eoe;1;0
wms,nwoe,kss,wmc,yh,l,s,eoe,wmn,p,o,w,t,se,ni,lnr,n,wa;535;279;nwoe;0;1
s,nwoe,wms,t,wmn,se,lnr,kss,ni,l,eoe,wa,p,wmc,o,n,yh,w;253;280;s;1;0
t,n,s,w,se,wms,wa,lnr,nwoe,wmc,ni,l,o,eoe,yh,p,kss,wmn;539;281;t;1;0
t,lnr,n,se,eoe,p,ni,wmn,l,wmc,kss,w,wms,o,wa,s,nwoe,yh;70;282;t;1;0
kss,n,wmn,wms,yh,l,w,eoe,wa,nwoe,wmc,s,t,p,lnr,o,ni,se;354;283;kss;1;0
o,w,wmc,wmn,ni,lnr,kss,t,s,wa,n,eoe,yh,se,p,wms,l,nwoe;472;284;o;1;0
wmn,eoe,nwoe,t,o,lnr,w,l,wa,kss,wmc,p,n,wms,yh,s,se,ni;265;285;wmn;1;0
p,wmc,wms,lnr,nwoe,t,eoe,kss,ni,yh,s,o,se,wa,l,w,wmn,n;470;286;p;1;0
nwoe,o,p,lnr,wmn,eoe,n,wa,w,yh,wms,kss,l,s,wmc,ni,t,se;457;287;nwoe;1;0
t,eoe,lnr,yh,ni,p,wms,kss,wa,n,wmn,l,se,nwoe,o,w,wmc,s;259;288;t;1;0
lnr,wmn,eoe,wms,se,s,yh,o,n,w,p,nwoe,ni,kss,wa,l,wmc,t;387;289;eoe;0;1
t,yh,w,wmc,wa,nwoe,wmn,ni,o,se,wms,p,l,eoe,s,n,kss,lnr;475;290;t;1;0
nwoe,yh,ni,l,s,wms,o,kss,w,se,lnr,wmc,wmn,t,wa,p,eoe,n;201;291;nwoe;1;0
nwoe,s,w,se,wa,yh,n,t,o,eoe,wmn,wms,kss,ni,lnr,l,wmc,p;434;292;nwoe;1;0
wms,wmn,wmc,l,se,wa,t,p,yh,o,s,nwoe,w,ni,lnr,n,kss,eoe;260;293;l;0;1
yh,se,eoe,p,n,s,wa,w,nwoe,kss,l,o,wmc,wms,ni,wmn,lnr,t;173;294;yh;1;0
wmc,wmn,ni,se,yh,t,p,nwoe,wa,lnr,wms,kss,o,s,w,n,eoe,l;124;295;yh;0;1
l,wmc,wmn,se,wms,yh,w,ni,s,lnr,t,n,kss,nwoe,p,eoe,wa,o;164;296;l;1;0
p,l,wa,wmn,o,w,t,wmc,wms,yh,s,lnr,ni,se,nwoe,n,kss,eoe;424;297;p;1;0
t,w,wa,se,s,eoe,l,p,ni,wmc,kss,wmn,n,lnr,nwoe,o,yh,wms;325;298;t;1;0
wa,yh,w,ni,kss,t,wmc,eoe,s,wmn,l,wms,n,lnr,p,nwoe,se,o;505;299;wa;1;0
wmn,p,yh,eoe,o,se,s,nwoe,t,l,kss,ni,w,wms,lnr,n,wa,wmc;217;300;wmn;1;0
w,nwoe,p,yh,eoe,s,wmc,t,n,ni,wmn,wa,wms,lnr,se,o,l,kss;243;301;w;1;0
p,s,t,wmn,se,yh,l,nwoe,n,lnr,kss,o,eoe,w,wa,wmc,wms,ni;463;302;p;1;0
wa,wms,kss,o,wmc,s,eoe,t,n,w,p,l,lnr,nwoe,se,yh,wmn,ni;218;303;wa;1;0
lnr,w,p,o,l,nwoe,se,wa,ni,n,kss,t,s,eoe,wmn,wmc,yh,wms;268;304;l;0;1
w,t,wms,wa,se,wmn,s,kss,eoe,p,lnr,o,nwoe,wmc,ni,yh,n,l;283;305;w;1;0
p,lnr,ni,yh,nwoe,kss,se,wms,n,wmc,wmn,w,wa,eoe,l,t,o,s;36;306;p;1;0
ni,w,se,yh,wms,nwoe,s,kss,n,wa,t,p,wmn,o,eoe,l,wmc,lnr;430;307;ni;1;0
kss,wmc,se,nwoe,lnr,s,n,eoe,l,wa,t,wmn,wms,p,yh,ni,w,o;385;308;kss;1;0
t,s,w,kss,p,wa,lnr,l,wms,yh,wmn,n,o,wmc,nwoe,ni,eoe,se;271;309;t;1;0
wmc,s,yh,nwoe,w,t,lnr,p,o,se,wmn,ni,eoe,n,l,wa,wms,kss;394;310;s;0;1
o,eoe,wmn,ni,p,yh,l,n,w,wmc,kss,s,wa,se,wms,lnr,nwoe,t;529;311;eoe;0;1
w,lnr,s,se,t,n,wa,yh,wmn,ni,nwoe,wmc,wms,eoe,p,kss,l,o;415;312;w;1;0
t,nwoe,lnr,wms,o,l,kss,p,wmn,eoe,se,n,w,s,ni,yh,wmc,wa;302;313;t;1;0
wa,wmc,s,kss,wms,yh,n,nwoe,o,eoe,l,ni,wmn,se,w,lnr,p,t;466;314;wa;1;0
o,se,kss,wmc,yh,p,ni,n,wms,nwoe,s,eoe,w,l,wa,lnr,t,wmn;93;315;yh;0;1
eoe,p,nwoe,o,l,wms,w,yh,ni,s,lnr,kss,wmn,n,wmc,wa,se,t;445;316;eoe;1;0
eoe,wms,ni,n,nwoe,o,wa,yh,lnr,wmn,wmc,p,w,s,t,kss,se,l;473;317;eoe;1;0
ni,wms,nwoe,wmc,w,p,kss,se,n,s,o,wmn,yh,wa,l,lnr,eoe,t;198;318;ni;1;0
ni,wa,wms,p,eoe,n,nwoe,s,wmc,lnr,wmn,o,se,yh,l,t,kss,w;488;319;ni;1;0
s,wmn,o,n,se,wa,kss,lnr,l,nwoe,w,wmc,yh,ni,wms,t,p,eoe;338;320;s;1;0
eoe,wmc,o,n,lnr,kss,p,wms,l,nwoe,ni,t,wmn,se,wa,yh,s,w;521;321;eoe;1;0
nwoe,lnr,t,o,p,wa,eoe,se,ni,wms,wmc,n,s,wmn,l,yh,kss,w;43;322;nwoe;1;0
n,t,kss,w,wmc,wms,wa,s,eoe,o,yh,nwoe,se,wmn,p,lnr,ni,l;533;323;n;1;0
o,lnr,se,wmn,n,s,eoe,wms,w,p,wa,kss,ni,yh,l,nwoe,t,wmc;131;324;s;0;1
n,eoe,wms,wa,p,o,w,se,lnr,s,kss,nwoe,yh,wmc,l,ni,t,wmn;8;325;n;1;0
kss,w,yh,p,wmc,ni,nwoe,eoe,o,n,se,wms,lnr,wmn,wa,t,l,s;406;326;kss;1;0
n,wmn,s,lnr,p,wmc,ni,nwoe,w,o,l,kss,wms,yh,t,wa,se,eoe;50;327;n;1;0
l,p,n,s,kss,t,wmn,nwoe,wa,lnr,se,yh,eoe,w,ni,wms,wmc,o;329;328;l;1;0
wa,w,ni,yh,kss,wms,wmn,s,n,lnr,wmc,l,p,se,t,eoe,nwoe,o;386;329;wa;1;0
o,s,wms,yh,wmc,nwoe,se,lnr,wmn,wa,eoe,p,ni,kss,t,n,l,w;280;330;s;0;1
nwoe,n,t,ni,wmc,yh,w,wms,p,o,lnr,s,wa,l,se,eoe,wmn,kss;537;331;nwoe;1;0
lnr,yh,o,kss,wmn,ni,nwoe,s,l,t,w,n,wmc,p,wa,eoe,se,wms;432;332;yh;0;1
s,n,se,yh,wmn,ni,wms,o,eoe,kss,w,wmc,p,nwoe,lnr,l,wa,t;462;333;s;1;0
s,yh,w,wmc,wmn,nwoe,ni,kss,wa,wms,l,eoe,t,se,lnr,p,o,n;56;334;s;1;0
n,nwoe,s,ni,lnr,wmc,eoe,wmn,o,wa,t,wms,l,yh,se,kss,w,p;236;335;n;1;0
t,wms,lnr,se,ni,kss,o,wmc,w,p,yh,nwoe,wa,n,s,wmn,l,eoe;130;336;t;1;0
eoe,se,w,o,yh,wms,lnr,wa,nwoe,wmn,wmc,l,s,p,ni,kss,n,t;29;337;eoe;1;0
wmn,kss,lnr,yh,n,nwoe,t,wa,p,wms,s,ni,wmc,o,se,l,eoe,w;125;338;wmn;1;0
p,t,kss,yh,l,w,eoe,ni,n,o,nwoe,wms,lnr,wa,wmc,s,se,wmn;295;339;p;1;0
kss,wa,lnr,w,l,yh,n,t,wms,wmc,eoe,ni,nwoe,p,s,o,se,wmn;49;340;kss;1;0
l,ni,lnr,t,wmc,eoe,yh,wms,kss,se,n,p,w,wmn,s,o,nwoe,wa;170;341;l;1;0
wmn,s,t,kss,nwoe,n,wa,o,se,wmc,p,eoe,ni,w,lnr,yh,l,wms;479;342;wmn;1;0
yh,wa,wmc,kss,eoe,wms,l,wmn,o,se,p,s,lnr,nwoe,n,t,w,ni;511;343;yh;1;0
se,t,lnr,nwoe,yh,ni,w,wmc,wa,wmn,wms,s,o,n,kss,eoe,p,l;225;344;se;1;0
s,yh,lnr,p,t,wmn,o,l,wms,w,eoe,wmc,wa,kss,nwoe,se,n,ni;402;345;s;1;0
yh,t,se,wa,s,kss,lnr,p,n,wms,o,wmc,l,wmn,w,nwoe,ni,eoe;482;346;yh;1;0
yh,nwoe,t,n,w,kss,o,wmc,eoe,wmn,l,wms,s,se,lnr,wa,ni,p;485;347;yh;1;0
yh,wa,l,wmc,se,t,o,kss,ni,nwoe,s,lnr,p,n,eoe,wms,wmn,w;404;348;yh;1;0
yh,l,nwoe,s,n,o,kss,lnr,p,wa,wmc,eoe,ni,se,t,w,wmn,wms;401;349;yh;1;0
kss,yh,ni,w,wa,nwoe,o,t,se,eoe,s,n,wmc,p,wms,l,lnr,wmn;60;350;kss;1;0
o,wa,yh,kss,ni,n,t,wms,l,wmn,se,eoe,wmc,nwoe,s,p,w,lnr;98;351;yh;0;1
kss,wmc,wa,wmn,p,n,s,nwoe,wms,eoe,o,se,yh,lnr,w,ni,t,l;192;352;kss;1;0
kss,yh,t,wmn,o,se,w,ni,nwoe,wms,n,lnr,wmc,eoe,s,p,l,wa;375;353;kss;1;0
wms,kss,se,ni,nwoe,wmn,l,s,eoe,p,o,w,t,yh,wmc,wa,lnr,n;114;354;nwoe;0;1
l,ni,kss,w,n,wmc,p,s,o,eoe,nwoe,lnr,wms,yh,t,wmn,wa,se;137;355;l;1;0
eoe,ni,t,p,l,kss,wms,nwoe,lnr,o,se,wa,yh,wmc,wmn,w,s,n;19;356;eoe;1;0
s,eoe,o,yh,w,l,kss,p,se,wa,n,wmn,lnr,t,wms,wmc,nwoe,ni;227;357;s;1;0
wa,l,nwoe,w,p,n,ni,yh,o,wmc,t,lnr,wmn,se,kss,eoe,s,wms;35;358;wa;1;0
eoe,lnr,s,l,kss,se,n,w,wa,yh,wmn,nwoe,wmc,o,wms,p,ni,t;489;359;eoe;1;0
t,se,yh,wmn,w,l,p,kss,n,wa,wmc,o,nwoe,s,eoe,ni,lnr,wms;393;360;t;1;0
wmc,s,eoe,w,wmn,o,p,lnr,l,se,kss,t,wa,n,ni,wms,yh,nwoe;496;361;s;0;1
n,nwoe,o,w,wa,s,kss,l,wmn,lnr,se,yh,wmc,t,wms,ni,eoe,p;263;362;n;1;0
lnr,eoe,se,kss,w,ni,wms,nwoe,s,l,p,n,t,yh,wmn,o,wmc,wa;367;363;eoe;0;1
nwoe,se,lnr,wa,kss,yh,t,s,eoe,wms,n,p,ni,wmn,w,o,l,wmc;23;364;nwoe;1;0
w,t,yh,p,o,ni,s,wms,wmn,wa,lnr,wmc,se,kss,l,nwoe,eoe,n;357;365;w;1;0
kss,se,w,p,yh,eoe,nwoe,lnr,ni,wmc,wmn,l,wa,t,o,n,s,wms;52;366;kss;1;0
p,wms,nwoe,ni,o,yh,se,wa,lnr,l,wmn,n,w,kss,t,s,wmc,eoe;245;367;p;1;0
p,wmn,yh,t,se,s,o,wms,l,n,nwoe,lnr,ni,wmc,eoe,w,wa,kss;223;368;p;1;0
w,nwoe,o,s,wms,wmn,wa,eoe,n,se,p,l,lnr,kss,yh,t,wmc,ni;506;369;w;1;0
n,se,kss,yh,l,ni,lnr,s,wa,wms,t,wmn,eoe,p,o,nwoe,w,wmc;186;370;n;1;0
ni,wmc,nwoe,kss,t,lnr,eoe,p,wa,n,w,yh,l,o,se,s,wmn,wms;369;371;ni;1;0
wmc,eoe,w,l,nwoe,wmn,o,ni,kss,wms,se,n,t,lnr,p,wa,yh,s;67;372;l;0;1
se,p,wmc,wmn,yh,lnr,n,nwoe,s,kss,t,w,o,eoe,wms,l,wa,ni;272;373;se;1;0
n,nwoe,kss,se,yh,wms,wa,wmc,s,l,wmn,w,t,o,p,eoe,lnr,ni;410;374;n;1;0
yh,wa,p,nwoe,wms,o,wmn,n,eoe,w,l,kss,s,ni,lnr,wmc,t,se;448;375;yh;1;0
wms,eoe,w,se,o,wmn,t,ni,nwoe,lnr,p,kss,yh,s,wa,l,n,wmc;220;376;nwoe;0;1
lnr,t,wmc,wa,eoe,se,n,s,nwoe,wmn,ni,o,kss,p,yh,l,w,wms;197;377;s;0;1
p,w,s,nwoe,o,se,wa,lnr,yh,l,eoe,n,t,wms,kss,wmc,wmn,ni;381;378;p;1;0
t,wmn,p,l,se,yh,lnr,kss,wms,o,wa,w,ni,wmc,n,eoe,nwoe,s;58;379;t;1;0
s,ni,o,kss,wmn,w,lnr,n,eoe,p,wa,yh,nwoe,l,se,wms,wmc,t;310;380;s;1;0
w,s,t,o,nwoe,se,lnr,kss,wms,wmn,eoe,n,wa,wmc,p,l,yh,ni;515;381;w;1;0
kss,yh,wa,eoe,o,lnr,se,wmc,l,t,s,wms,p,wmn,w,n,ni,nwoe;9;382;kss;1;0
se,w,n,s,wms,lnr,ni,p,kss,nwoe,t,eoe,wmc,yh,l,o,wmn,wa;157;383;se;1;0
kss,l,eoe,nwoe,wms,wmc,n,wmn,yh,wa,lnr,p,ni,s,o,t,w,se;127;384;kss;1;0
w,wmc,kss,n,nwoe,wa,l,o,ni,eoe,wmn,t,s,p,lnr,yh,se,wms;21;385;w;1;0
l,wa,wmc,o,p,s,se,kss,nwoe,t,w,wmn,n,yh,wms,lnr,eoe,ni;456;386;l;1;0
wmn,s,wmc,kss,se,ni,nwoe,wms,yh,o,w,t,eoe,p,l,lnr,wa,n;213;387;wmn;1;0
wmn,t,l,wms,nwoe,yh,eoe,w,kss,lnr,s,wmc,ni,p,o,n,wa,se;257;388;wmn;1;0
ni,t,nwoe,eoe,o,l,wa,s,wmn,p,wms,w,wmc,se,yh,lnr,kss,n;188;389;ni;1;0
wmc,se,wmn,eoe,n,o,l,nwoe,lnr,ni,yh,w,wa,wms,t,p,kss,s;148;390;l;0;1
wmn,se,n,s,o,p,l,yh,nwoe,wms,w,lnr,kss,ni,wmc,t,wa,eoe;241;391;wmn;1;0
kss,t,yh,wa,s,se,eoe,l,wms,nwoe,wmc,o,w,p,ni,lnr,wmn,n;68;392;kss;1;0
t,ni,kss,yh,o,w,se,n,wa,p,nwoe,wmn,s,l,eoe,wms,wmc,lnr;294;393;t;1;0
se,kss,w,eoe,lnr,wmn,n,nwoe,wmc,t,yh,l,p,s,ni,o,wa,wms;395;394;se;1;0
l,wms,t,yh,wmn,n,s,w,nwoe,wmc,lnr,ni,p,se,kss,eoe,o,wa;104;395;l;1;0
wa,ni,wmn,se,o,eoe,l,wmc,lnr,p,s,w,nwoe,wms,kss,t,yh,n;229;396;wa;1;0
nwoe,kss,p,wms,se,t,n,wmn,wa,s,l,yh,w,wmc,lnr,eoe,ni,o;362;397;nwoe;1;0
t,lnr,yh,n,nwoe,w,wmc,l,wms,o,wmn,wa,s,p,kss,ni,se,eoe;358;398;t;1;0
w,s,wms,n,p,eoe,l,lnr,nwoe,se,t,kss,yh,wmc,wa,ni,o,wmn;288;399;w;1;0
s,wms,o,wa,lnr,nwoe,wmn,w,se,t,p,n,eoe,kss,ni,yh,l,wmc;467;400;s;1;0
yh,wa,o,wmn,s,kss,n,nwoe,wmc,ni,se,wms,lnr,t,w,eoe,p,l;318;401;yh;1;0
s,se,kss,yh,wmn,lnr,t,p,wms,n,l,eoe,nwoe,wmc,o,w,wa,ni;180;402;s;1;0
wms,o,t,p,se,wmn,s,wmc,lnr,n,kss,nwoe,w,wa,l,yh,ni,eoe;34;403;s;0;1
yh,eoe,wa,ni,wmn,se,s,kss,t,w,o,lnr,l,nwoe,wmc,n,wms,p;293;404;yh;1;0
eoe,s,wms,n,wa,ni,w,o,yh,p,lnr,se,kss,wmn,l,wmc,t,nwoe;500;405;eoe;1;0
kss,s,wmn,p,l,wms,wmc,o,wa,eoe,n,ni,t,w,yh,se,lnr,nwoe;340;406;kss;1;0
t,yh,kss,wmn,lnr,p,ni,n,w,l,wa,o,nwoe,wmc,eoe,se,wms,s;343;407;t;1;0
w,kss,nwoe,ni,s,yh,wmc,n,wmn,l,t,lnr,o,wa,se,eoe,p,wms;476;408;w;1;0
n,wa,p,se,t,ni,w,lnr,s,wmc,wmn,nwoe,o,eoe,l,wms,yh,kss;82;409;n;1;0
s,yh,p,n,l,w,ni,wa,wmc,se,o,t,lnr,kss,wmn,wms,eoe,nwoe;502;410;s;1;0
se,l,wmc,ni,wms,eoe,wa,nwoe,t,lnr,n,wmn,p,o,w,s,yh,kss;78;411;se;1;0
t,wa,nwoe,se,ni,lnr,p,n,yh,w,kss,eoe,wmn,wms,wmc,l,s,o;471;412;t;1;0
nwoe,w,t,eoe,p,n,kss,ni,lnr,wmn,wms,se,s,l,wa,o,yh,wmc;492;413;nwoe;1;0
wms,s,wa,wmn,se,yh,ni,lnr,wmc,t,kss,l,w,eoe,nwoe,n,p,o;146;414;s;0;1
ni,p,se,yh,wmn,wms,nwoe,kss,s,o,wmc,l,wa,n,t,w,lnr,eoe;316;415;yh;0;1
o,se,nwoe,n,yh,kss,wa,eoe,ni,wmc,w,wms,wmn,s,lnr,l,p,t;346;416;nwoe;0;1
wa,s,p,eoe,se,kss,lnr,ni,yh,wmn,w,wmc,wms,o,t,l,n,nwoe;536;417;wa;1;0
wms,l,p,s,t,yh,se,wmn,o,kss,n,lnr,eoe,nwoe,ni,w,wmc,wa;185;418;l;0;1
o,wmc,t,l,s,wmn,eoe,kss,yh,ni,wa,n,nwoe,w,lnr,wms,se,p;17;419;l;0;1
wa,p,s,lnr,ni,w,wmc,l,n,eoe,wmn,se,wms,o,t,yh,kss,nwoe;413;420;wa;1;0
l,t,n,nwoe,kss,wa,wms,se,lnr,s,wmn,o,w,eoe,yh,ni,wmc,p;477;421;l;1;0
w,kss,lnr,wms,n,p,ni,eoe,yh,t,nwoe,wmc,se,l,wmn,s,wa,o;105;422;yh;0;1
wmn,wms,ni,lnr,wmc,n,nwoe,wa,se,l,s,w,eoe,o,p,yh,kss,t;384;423;wmn;1;0
se,t,n,eoe,wmn,p,wa,wms,l,ni,yh,lnr,o,nwoe,s,kss,w,wmc;287;424;se;1;0
l,yh,lnr,n,ni,s,wmn,eoe,o,se,wmc,t,wms,wa,kss,nwoe,w,p;75;425;l;1;0
wmn,kss,ni,o,yh,t,w,p,eoe,lnr,l,wa,nwoe,n,wmc,s,wms,se;111;426;wmn;1;0
l,kss,t,o,w,n,wmc,wms,wa,p,lnr,wmn,se,s,ni,yh,nwoe,eoe;216;427;l;1;0
o,nwoe,yh,wms,wa,se,wmc,eoe,lnr,ni,kss,t,p,l,w,wmn,n,s;450;428;nwoe;0;1
wa,s,kss,nwoe,eoe,wms,ni,lnr,l,wmn,n,se,o,t,wmc,yh,p,w;190;429;s;0;1
s,w,p,wms,wa,lnr,se,yh,o,kss,t,l,nwoe,n,ni,wmn,wmc,eoe;525;430;s;1;0
wms,w,wmn,yh,kss,s,l,ni,se,t,wmc,n,nwoe,wa,lnr,eoe,p,o;418;431;s;0;1
t,l,o,ni,lnr,n,wmc,wms,w,p,yh,nwoe,s,wa,se,wmn,kss,eoe;71;432;t;1;0
p,lnr,wms,se,wmn,kss,eoe,nwoe,t,n,ni,l,yh,o,wmc,w,wa,s;45;433;nwoe;0;1
nwoe,s,w,eoe,n,wmc,lnr,yh,kss,se,l,o,ni,wa,wms,p,wmn,t;353;434;nwoe;1;0
kss,n,lnr,t,w,se,s,wa,ni,wmn,nwoe,p,wmc,yh,l,o,wms,eoe;484;435;kss;1;0
ni,nwoe,p,l,wms,eoe,wmn,wa,s,kss,wmc,t,se,w,o,n,yh,lnr;442;436;nwoe;0;1
nwoe,kss,l,p,wmn,wms,ni,yh,o,t,w,wmc,wa,s,se,eoe,n,lnr;299;437;nwoe;1;0
t,o,s,w,wms,lnr,eoe,wa,kss,l,ni,wmc,wmn,yh,nwoe,n,se,p;231;438;t;1;0
ni,w,wms,l,yh,nwoe,eoe,p,wmn,se,wa,wmc,kss,o,s,t,lnr,n;65;439;l;0;1
t,nwoe,p,eoe,wmn,se,wmc,o,wa,yh,kss,s,wms,n,w,lnr,l,ni;123;440;nwoe;0;1
w,se,wmn,wa,o,lnr,nwoe,yh,s,wms,wmc,eoe,t,ni,kss,n,p,l;193;441;nwoe;0;1
eoe,o,lnr,nwoe,wms,n,w,s,wmn,ni,wmc,p,t,kss,yh,se,l,wa;344;442;eoe;1;0
t,yh,nwoe,n,kss,w,p,s,wms,l,eoe,lnr,wa,wmn,wmc,o,se,ni;18;443;nwoe;0;1
se,eoe,kss,p,nwoe,yh,s,w,wmn,l,t,wa,n,wms,lnr,o,ni,wmc;224;444;se;1;0
w,nwoe,o,wms,lnr,l,yh,kss,se,wmn,wa,n,eoe,ni,wmc,t,s,p;363;445;nwoe;0;1
yh,w,wmn,wmc,t,wms,wa,n,s,nwoe,lnr,l,eoe,se,o,p,ni,kss;275;446;yh;1;0
wms,o,p,lnr,kss,l,wa,nwoe,t,yh,n,w,eoe,wmn,se,wmc,ni,s;179;447;l;0;1
ni,s,l,n,o,wms,yh,wa,lnr,w,eoe,kss,se,t,wmc,nwoe,p,wmn;42;448;s;0;1
n,wmc,s,wa,wms,o,nwoe,kss,w,ni,p,eoe,lnr,l,wmn,yh,se,t;549;449;s;0;1
n,w,p,se,o,wa,ni,nwoe,lnr,wmn,t,l,yh,wms,kss,wmc,s,eoe;73;450;nwoe;0;1
wa,yh,wmc,eoe,kss,wms,lnr,wmn,nwoe,w,se,o,l,ni,n,t,p,s;399;451;nwoe;0;1
wmn,n,nwoe,yh,p,t,se,eoe,wmc,lnr,l,ni,kss,o,wa,wms,s,w;160;452;wmn;1;0
wa,s,lnr,nwoe,w,n,wmn,yh,t,eoe,kss,wmc,se,p,ni,wms,o,l;304;453;s;0;1
wmn,l,wa,s,n,o,kss,eoe,se,p,yh,nwoe,t,w,ni,wms,wmc,lnr;441;454;wmn;1;0
n,se,o,w,wmn,wms,t,ni,l,nwoe,lnr,p,yh,eoe,wa,wmc,kss,s;95;455;l;0;1
eoe,o,p,wmc,se,ni,lnr,s,wms,w,wmn,wa,n,yh,kss,l,nwoe,t;279;456;eoe;1;0
yh,s,wa,wmn,o,lnr,t,se,wmc,kss,ni,wms,p,nwoe,l,eoe,w,n;542;457;yh;1;0
w,n,s,ni,t,p,wmc,l,yh,nwoe,se,wms,wa,kss,lnr,eoe,o,wmn;154;458;s;0;1
eoe,wms,l,o,lnr,wa,yh,nwoe,wmn,p,ni,w,n,wmc,t,s,kss,se;15;459;eoe;1;0
w,yh,nwoe,s,se,p,o,wmn,n,wa,ni,t,eoe,wms,lnr,wmc,l,kss;74;460;nwoe;0;1
l,wmn,o,n,kss,ni,yh,s,wms,se,nwoe,t,wmc,wa,lnr,w,eoe,p;426;461;l;1;0
s,o,w,eoe,wa,t,kss,nwoe,wms,l,ni,se,lnr,wmc,yh,n,wmn,p;317;462;s;1;0
ni,wa,wmn,yh,se,eoe,t,n,l,s,kss,wmc,p,o,w,nwoe,lnr,wms;66;463;l;0;1
wa,p,wmn,lnr,n,wmc,ni,s,l,wms,nwoe,kss,se,eoe,o,yh,t,w;72;464;s;0;1
n,yh,nwoe,se,eoe,wmc,ni,kss,o,wmn,lnr,w,wms,wa,s,l,t,p;152;465;nwoe;0;1
lnr,yh,s,se,t,nwoe,wmn,eoe,ni,w,l,wmc,p,n,wa,kss,o,wms;107;466;s;0;1
kss,wmc,n,se,p,s,ni,wms,yh,w,l,t,wa,wmn,eoe,nwoe,o,lnr;416;467;kss;1;0
wmn,wmc,eoe,p,ni,s,o,n,t,w,wa,kss,wms,lnr,l,nwoe,yh,se;548;468;wmn;1;0
wms,kss,lnr,o,t,wmn,wa,p,se,w,nwoe,wmc,n,yh,ni,eoe,s,l;210;469;nwoe;0;1
se,lnr,p,wms,o,w,nwoe,wmn,yh,t,ni,l,wmc,s,kss,n,eoe,wa;55;470;se;1;0
se,wa,nwoe,p,kss,yh,wmc,wmn,w,ni,eoe,lnr,t,n,o,s,wms,l;407;471;se;1;0
lnr,o,p,wms,nwoe,eoe,s,wa,w,wmc,kss,ni,n,l,yh,se,wmn,t;252;472;nwoe;0;1
se,kss,o,wa,n,t,lnr,nwoe,s,wmn,ni,eoe,p,w,wms,l,wmc,yh;454;473;se;1;0
wmn,se,eoe,kss,wms,t,n,s,l,yh,p,wa,lnr,o,ni,nwoe,wmc,w;451;474;wmn;1;0
wms,yh,l,wmn,wmc,kss,ni,t,w,se,p,o,n,nwoe,eoe,wa,s,lnr;335;475;l;0;1
lnr,se,wms,w,t,wmc,yh,s,ni,nwoe,l,wa,kss,n,wmn,eoe,p,o;122;476;s;0;1
p,l,s,lnr,eoe,wms,n,ni,wa,yh,se,t,wmn,nwoe,w,kss,wmc,o;518;477;l;0;1
wms,o,wmn,kss,se,l,w,n,lnr,wa,p,nwoe,t,eoe,ni,wmc,s,yh;435;478;l;0;1
yh,wmn,eoe,o,p,w,se,kss,lnr,wa,t,l,wmc,wms,nwoe,ni,n,s;144;479;yh;1;0
w,t,ni,wmc,nwoe,o,eoe,wms,n,l,yh,wmn,lnr,wa,s,kss,p,se;326;480;nwoe;0;1
t,eoe,wms,wmc,w,ni,s,lnr,nwoe,se,n,yh,wmn,l,p,o,wa,kss;87;481;s;0;1
wms,kss,wa,w,o,l,wmn,eoe,t,lnr,yh,wmc,p,s,ni,se,nwoe,n;361;482;l;0;1
wa,yh,l,wmc,lnr,w,t,kss,wms,s,ni,p,n,wmn,eoe,o,se,nwoe;348;483;l;0;1
kss,wmc,se,nwoe,t,n,wms,o,l,p,w,wa,eoe,wmn,ni,yh,lnr,s;28;484;kss;1;0
s,wa,eoe,n,kss,lnr,l,w,wmc,p,t,wms,yh,ni,nwoe,o,se,wmn;64;485;s;1;0
l,p,o,eoe,wa,wms,t,s,nwoe,se,wmc,ni,w,kss,n,lnr,wmn,yh;119;486;l;1;0
se,l,nwoe,yh,t,w,o,wms,eoe,s,wa,kss,n,lnr,ni,wmn,wmc,p;465;487;se;1;0
eoe,n,lnr,ni,nwoe,yh,s,se,p,kss,w,wa,wmc,l,wms,o,wmn,t;543;488;eoe;1;0
l,o,n,yh,s,lnr,t,ni,se,eoe,kss,wmn,p,wmc,wa,w,wms,nwoe;97;489;l;1;0
eoe,yh,n,p,wmc,se,l,lnr,kss,ni,nwoe,s,wms,w,wa,wmn,o,t;20;490;eoe;1;0
nwoe,p,se,l,kss,wmc,n,t,lnr,eoe,w,wms,yh,o,wmn,ni,s,wa;117;491;nwoe;1;0
lnr,se,kss,p,nwoe,t,w,o,wa,s,wmc,l,yh,n,eoe,wmn,ni,wms;292;492;nwoe;0;1
wmn,kss,w,wa,wmc,l,ni,wms,t,nwoe,yh,o,s,p,eoe,se,lnr,n;289;493;wmn;1;0
se,t,kss,ni,wms,o,yh,lnr,eoe,nwoe,n,w,wa,wmn,s,wmc,l,p;452;494;se;1;0
wmn,nwoe,lnr,s,wa,t,n,l,ni,o,kss,eoe,yh,wms,w,p,se,wmc;330;495;nwoe;0;1
n,eoe,yh,l,t,p,wmc,wa,o,se,w,wms,ni,nwoe,s,wmn,kss,lnr;421;496;l;0;1
s,p,t,wa,wmn,wms,eoe,n,ni,w,se,yh,lnr,kss,wmc,nwoe,o,l;169;497;s;1;0
wms,n,eoe,yh,wmn,w,wmc,l,t,s,se,o,nwoe,wa,kss,lnr,p,ni;103;498;l;0;1
eoe,yh,se,w,t,wmc,lnr,l,s,wms,n,nwoe,p,o,wa,ni,kss,wmn;140;499;eoe;1;0
ni,lnr,eoe,wmn,s,wmc,t,nwoe,wa,yh,n,wms,w,p,kss,se,l,o;491;500;s;0;1
o,ni,se,s,kss,wa,p,wmn,n,nwoe,l,eoe,wms,w,wmc,lnr,yh,t;478;501;s;0;1
eoe,wms,kss,wa,wmn,o,ni,yh,nwoe,p,wmc,se,lnr,s,t,l,n,w;110;502;eoe;1;0
ni,nwoe,o,wms,l,wmc,lnr,n,wmn,eoe,yh,s,kss,w,t,wa,se,p;527;503;nwoe;0;1
n,eoe,s,ni,p,kss,l,o,lnr,t,yh,wms,se,wmn,wa,wmc,w,nwoe;532;504;s;0;1
ni,kss,t,s,w,eoe,p,o,wmn,yh,wa,se,lnr,wmc,nwoe,wms,n,l;400;505;s;0;1
kss,l,eoe,ni,nwoe,lnr,n,se,wmc,wmn,yh,o,s,p,wms,t,w,wa;118;506;kss;1;0
yh,nwoe,wmn,l,kss,wmc,eoe,w,wa,se,n,lnr,p,s,ni,t,o,wms;370;507;yh;1;0
o,w,se,p,ni,eoe,lnr,wa,n,kss,wmn,nwoe,wms,s,l,yh,wmc,t;286;508;nwoe;0;1
nwoe,s,t,wa,wmc,n,wmn,se,wms,l,o,yh,lnr,p,eoe,ni,kss,w;230;509;nwoe;1;0
lnr,wmn,p,wms,w,yh,ni,n,wa,se,s,eoe,t,kss,wmc,l,nwoe,o;121;510;l;0;1
se,p,l,s,eoe,t,wms,ni,wmc,o,n,nwoe,wmn,wa,w,lnr,kss,yh;96;511;l;0;1
eoe,s,se,kss,ni,p,wmc,wa,w,t,nwoe,lnr,n,l,o,wmn,yh,wms;281;512;eoe;1;0
kss,t,wmc,eoe,p,lnr,wmn,l,wms,o,n,yh,ni,w,s,wa,se,nwoe;106;513;kss;1;0
ni,wa,wmc,s,yh,w,l,lnr,kss,p,se,wms,n,t,o,eoe,nwoe,wmn;161;514;l;0;1
nwoe,p,t,wa,kss,yh,ni,w,se,o,lnr,s,l,eoe,wmc,n,wms,wmn;414;515;nwoe;1;0
lnr,wmn,l,ni,nwoe,o,w,se,kss,eoe,yh,wms,p,t,wmc,s,n,wa;14;516;l;0;1
o,wmn,se,lnr,t,p,n,wmc,kss,eoe,nwoe,wa,l,ni,yh,s,wms,w;53;517;nwoe;0;1
se,wms,l,wa,s,kss,n,nwoe,wmc,lnr,t,eoe,w,wmn,p,yh,o,ni;328;518;l;0;1
wmc,t,w,yh,s,ni,l,eoe,kss,nwoe,se,n,wmn,lnr,wms,wa,o,p;409;519;l;0;1
yh,wa,o,w,p,s,l,eoe,kss,wmc,wms,lnr,t,ni,wmn,se,n,nwoe;503;520;yh;1;0
s,o,eoe,t,w,se,n,p,wa,wmn,nwoe,yh,l,wmc,ni,kss,lnr,wms;77;521;s;1;0
yh,wmn,t,se,wmc,nwoe,ni,kss,p,w,eoe,o,l,wms,wa,n,s,lnr;232;522;yh;1;0
w,p,nwoe,yh,kss,wmc,se,wa,eoe,lnr,wmn,o,l,s,ni,n,wms,t;178;523;nwoe;0;1
s,kss,lnr,wmn,w,eoe,o,se,nwoe,l,n,wms,wmc,yh,ni,t,wa,p;440;524;s;1;0
nwoe,wmn,yh,eoe,lnr,l,kss,s,n,o,se,wms,wa,wmc,ni,w,p,t;44;525;nwoe;1;0
wmc,se,l,yh,w,n,ni,s,o,wmn,lnr,wms,t,eoe,nwoe,kss,wa,p;248;526;l;0;1
w,kss,yh,s,l,t,eoe,p,n,o,wmn,nwoe,se,wms,ni,lnr,wa,wmc;62;527;l;0;1
n,ni,w,wms,wa,s,se,wmn,t,p,kss,yh,lnr,eoe,wmc,o,l,nwoe;278;528;l;0;1
ni,nwoe,w,l,yh,o,p,wmn,eoe,wa,wms,wmc,lnr,t,se,kss,s,n;171;529;nwoe;0;1
eoe,yh,kss,wa,p,wmc,l,se,wmn,lnr,n,s,nwoe,t,o,wms,w,ni;501;530;eoe;1;0
lnr,ni,wms,wmc,t,l,kss,n,se,p,eoe,wmn,s,yh,w,wa,o,nwoe;48;531;l;0;1
n,lnr,wa,p,t,kss,eoe,l,wms,ni,w,yh,wmc,wmn,o,se,nwoe,s;389;532;l;0;1
wmn,ni,s,kss,wa,se,yh,lnr,eoe,l,p,o,wmc,n,wms,nwoe,t,w;205;533;l;0;1
yh,s,t,w,ni,l,kss,wmc,nwoe,wms,wmn,n,se,lnr,o,eoe,wa,p;172;534;yh;1;0
yh,se,ni,wmc,t,p,w,l,n,eoe,nwoe,wa,o,kss,lnr,wmn,s,wms;396;535;yh;1;0
wmn,s,yh,wmc,w,nwoe,kss,wms,l,n,se,p,ni,t,eoe,wa,o,lnr;334;536;nwoe;0;1
yh,wa,l,wms,eoe,nwoe,kss,o,p,se,ni,t,wmc,w,n,s,wmn,lnr;174;537;yh;1;0
lnr,ni,s,l,n,wmn,wms,p,kss,t,yh,wmc,wa,w,o,se,eoe,nwoe;194;538;l;0;1
lnr,nwoe,o,w,wmn,eoe,l,wmc,wms,se,s,yh,ni,kss,p,n,t,wa;51;539;nwoe;0;1
wa,kss,n,p,wmc,lnr,eoe,se,w,l,ni,t,wms,wmn,nwoe,s,o,yh;530;540;l;0;1
wmc,eoe,w,nwoe,kss,lnr,wmn,o,t,p,ni,l,wa,yh,n,se,s,wms;235;541;nwoe;0;1
l,n,wmc,kss,nwoe,wmn,w,yh,t,eoe,wms,wa,p,s,ni,o,se,lnr;498;542;l;1;0
t,se,wmn,lnr,eoe,wms,o,kss,nwoe,p,wmc,w,l,wa,yh,ni,n,s;545;543;nwoe;0;1
t,lnr,wa,wms,yh,w,l,o,p,nwoe,se,s,wmn,ni,n,eoe,kss,wmc;176;544;l;0;1
eoe,nwoe,t,n,s,wmn,se,wmc,yh,p,l,o,wa,kss,w,ni,wms,lnr;91;545;eoe;1;0
t,l,wa,lnr,yh,eoe,ni,nwoe,wmc,se,o,kss,wms,s,w,n,p,wmn;132;546;nwoe;0;1
lnr,wa,t,ni,wmn,se,w,eoe,yh,p,wms,kss,wmc,s,l,o,nwoe,n;86;547;nwoe;0;1
o,wms,ni,nwoe,n,yh,eoe,lnr,p,w,kss,t,l,wmc,wmn,se,wa,s;365;548;nwoe;0;1
p,s,ni,wmn,w,yh,nwoe,l,wmc,wms,se,t,eoe,lnr,o,wa,n,kss;250;549;reserve;0;
wa,p,nwoe,lnr,yh,ni,se,o,l,eoe,n,w,wms,kss,s,wmc,t,wmn;22;550;reserve;0;
